{
    "ItemGiverChained": [
    ],
    "TransportData": [
    ],
    "NpcsTimers": [
    ],
    "FactionData": [
        {
            "Points": 2000,
            "Faction": 0
        }
    ],
    "BankData": [
    ],
    "ItemGiversList": [
    ],
    "MailData": [
    ],
    "PlayerName": "Monetatv28",
    "QuestData": {
        "CompletedQuests": [
        ],
        "ActiveQuests": [
        ]
    },
    "UUID": "00000000-0000-0000-0000-000000000000",
    "PlayerCompanionId": 0,
    "DialogData": [
    ]
}
