{"stat.useItem.minecraft.bow":45,"stat.pickup.minecraft.bone":7,"stat.drop.scp.foundationfloorb":1,"stat.pickup.scp.siren":1,"stat.useItem.minecraft.repeater":3,"stat.leaveGame":21,"stat.pickup.redstonepaste.stickyrepeater":1,"stat.drop.scp.level1card":5,"stat.useItem.minecraft.diamond_sword":72,"stat.swimOneCm":7961,"stat.drop.scp.foundationwallg":1,"stat.useItem.scp.sliding_door":1,"stat.drop.scp.foundationwalle":1,"stat.drop.scp.foundationwalld":1,"stat.drop.scp.copper_tube":1,"stat.pickup.scp.bat_fur":1,"stat.pickup.minecraft.glass":1,"stat.pickup.minecraft.sticky_piston":1,"stat.useItem.minecraft.dirt":13,"stat.pickup.scp.small_lamp":5,"stat.useItem.minecraft.stone_slab2":16084,"stat.pickup.customnpcs.npcwand":6,"stat.useItem.minecraft.water_bucket":47,"stat.pickup.minecraft.rotten_flesh":16,"stat.drop.scp.fence087":1,"stat.drop.scp.screwdriver":1,"stat.pickup.scp.organ":3,"stat.useItem.thuttech.devicelinker":21,"stat.useItem.variedcommodities.excalibur":3,"stat.flyOneCm":3667882,"stat.useItem.scp.living_room_lamp":2,"stat.useItem.scp.living_room_table":36,"stat.pickup.minecraft.redstone":16,"stat.timeSinceDeath":149758,"stat.drop.scp.control_panel":1,"stat.useItem.minecraft.sign":2,"stat.useItem.minecraft.spawn_egg":86,"stat.useItem.scp.monster_pot":2,"stat.drop.scp.card_reader":1,"stat.killEntity.Bat":3,"stat.drop.minecraft.coal":2,"stat.useItem.minecraft.lever":4,"stat.pickup.minecraft.wooden_axe":6,"stat.useItem.scp.sliding_door2":1,"stat.drop.minecraft.dirt":2,"stat.pickup.customnpcs.npcmovingpath":1,"stat.killEntity.Creeper":1,"stat.pickup.scp.pdcorridorc":1,"stat.drop.minecraft.spawn_egg":1,"stat.pickup.scp.pdcorridorb":1,"stat.pickup.minecraft.string":1,"stat.drop.scp.grate":1,"stat.pickup.scp.pdcorridora":1,"stat.pickup.minecraft.beef":1,"stat.useItem.minecraft.redstone":38,"stat.useItem.minecraft.milk_bucket":4,"stat.drop.scp.foundationceiling":1,"stat.pickup.scp.fence087":2,"stat.useItem.scp.screwdriver":403,"stat.sprintOneCm":559339,"stat.useItem.customnpcs.npcmovingpath":51,"stat.pickup.scp.foundationvent":1,"stat.useItem.scp.heavy_button":1,"stat.pickup.scp.living_room_glass":1,"stat.pickup.scp.shelf":2,"stat.pickup.scp.file_cabinet":1,"stat.pickup.minecraft.spawn_egg":3,"stat.pickup.minecraft.lever":9,"stat.deaths":3,"stat.drop":29,"stat.killEntity.scp.dpersonnel":5,"stat.playOneMinute":927009,"stat.pickup.minecraft.slime_ball":2,"stat.pickup.minecraft.iron_block":1,"stat.killEntity.Zombie":11,"stat.pickup.minecraft.dispenser":1,"stat.diveOneCm":1455,"stat.useItem.minecraft.splash_potion":61,"stat.pickup.minecraft.sign":2,"stat.pickup.scp.sliding_door2":3,"stat.pickup.scp.foundationceilingtile":3,"stat.pickup.minecraft.arrow":9,"stat.killEntity.Slime":1,"stat.pickup.redstonepaste.redstonepaste":1,"stat.useItem.scp.steel":97,"stat.pickup.scp.foundationfloorb":3,"stat.useItem.minecraft.potion":7,"stat.pickup.scp.screwdriver":3,"stat.pickup.minecraft.diamond_sword":3,"stat.pickup.scp.level5card":1,"stat.jump":2204,"stat.pickup.minecraft.coal":2,"stat.fallOneCm":2237,"stat.pickup.minecraft.gunpowder":1,"stat.crouchOneCm":113664,"stat.pickup.minecraft.dirt":25,"stat.useItem.scp.office_chair":30,"stat.pickup.minecraft.milk_bucket":1,"stat.pickup.minecraft.repeater":2,"stat.pickup.scp.foundationmeshfloor":1,"stat.pickup.minecraft.feather":1,"stat.damageTaken":680,"stat.dispenserInspected":23,"stat.useItem.customnpcs.npcwand":60,"stat.pickup.scp.broken_telekill_sword":1,"stat.pickup.minecraft.potato":1,"stat.pickup.scp.card_reader":4,"stat.pickup.scp.foundationwalld":3,"stat.pickup.scp.level1card":4,"stat.pickup.scp.foundationwallc":1,"stat.pickup.scp.foundationwalle":1,"stat.pickup.scp.foundationwallg":3,"stat.damageDealt":892835,"stat.drop.scp.organ":1,"stat.entityKilledBy.scp.shy_guy":1,"stat.useItem.customnpcs.npcmobcloner":40,"stat.pickup.scp.heavy_button":7,"stat.pickup.scp.steel":1,"stat.walkOneCm":2550799,"stat.pickup.scp.sliding_door":4,"stat.drop.minecraft.rotten_flesh":2,"stat.pickup.scp.reinforcedwallb":2,"stat.pickup.minecraft.log":64,"stat.pickup.scp.copper_tube":1,"stat.pickup.minecraft.stone":1,"stat.drop.scp.reinforcedwallb":1,"stat.pickup.minecraft.chicken":1,"stat.pickup.minecraft.ender_pearl":1,"stat.pickup.minecraft.apple":1,"stat.killEntity.Skeleton":6,"stat.useItem.scp.living_room_arm_chair":1,"stat.killEntity.Chicken":1,"stat.pickup.scp.ceiling_lamp":1,"stat.killEntity.Spider":1,"stat.mobKills":38,"stat.pickup.scp.foundationceilinggrate":1,"stat.killEntity.scp.scp966":3,"stat.sneakTime":44362,"stat.pickup.minecraft.lava_bucket":4,"stat.drop.minecraft.beef":1,"stat.useItem.scp.simple_chair":21,"stat.pickup.minecraft.stone_slab":1,"stat.pickup.scp.nightvision_goggles":1,"stat.drop.minecraft.wooden_axe":3}